"County: Precinct"," Tara Swenson"," Howie Hanson","WI WRITE-IN","VoteTotal"," Tara Swenson_Percentage"," Howie Hanson_Percentage","WI WRITE-IN_Percentage","County: Precinct_New"," Tara Swenson_New"," Howie Hanson_New","WI WRITE-IN_New","VoteTotal_New"," Tara Swenson_Percentage_New"," Howie Hanson_Percentage_New","WI WRITE-IN_Percentage_New"
"DULUTH P-21",476,276,6,758,62.7968337730871,36.4116094986807,0.79155672823219,"DULUTH P-21",476,276,6,758,62.7968337730871,36.4116094986807,0.79155672823219
"DULUTH P-22",499,369,5,873,57.1592210767468,42.2680412371134,0.572737686139748,"DULUTH P-22",499,369,5,873,57.1592210767468,42.2680412371134,0.572737686139748
"DULUTH P-23",577,407,3,987,58.4599797365755,41.2360688956434,0.303951367781155,"DULUTH P-23",577,407,3,987,58.4599797365755,41.2360688956434,0.303951367781155
"DULUTH P-24",540,429,5,974,55.4414784394251,44.0451745379877,0.513347022587269,"DULUTH P-24",540,429,5,974,55.4414784394251,44.0451745379877,0.513347022587269
"DULUTH P-25",598,370,5,973,61.4594039054471,38.0267214799589,0.513874614594039,"DULUTH P-25",598,370,5,973,61.4594039054471,38.0267214799589,0.513874614594039
"DULUTH P-26",378,258,5,641,58.9703588143526,40.2496099843994,0.78003120124805,"DULUTH P-26",378,258,5,641,58.9703588143526,40.2496099843994,0.78003120124805
"DULUTH P-27",185,152,4,341,54.2521994134897,44.574780058651,1.17302052785924,"DULUTH P-27",185,152,4,341,54.2521994134897,44.574780058651,1.17302052785924
