"County: Precinct"," Tara Swenson"," Howie Hanson","WI WRITE-IN","VoteTotal"," Tara Swenson_Percentage"," Howie Hanson_Percentage","WI WRITE-IN_Percentage","County: Precinct_New"," Tara Swenson_New"," Howie Hanson_New","WI WRITE-IN_New","VoteTotal_New"," Tara Swenson_Percentage_New"," Howie Hanson_Percentage_New","WI WRITE-IN_Percentage_New"
"DULUTH P-21",0,0,0,0,NA,NA,NA,"DULUTH P-21",0,0,0,0,0,0,0
"DULUTH P-22",0,0,0,0,NA,NA,NA,"DULUTH P-22",0,0,0,0,0,0,0
"DULUTH P-23",577,407,3,987,58.4599797365755,41.2360688956434,0.303951367781155,"DULUTH P-23",577,407,3,987,58.4599797365755,41.2360688956434,0.303951367781155
"DULUTH P-24",540,429,5,974,55.4414784394251,44.0451745379877,0.513347022587269,"DULUTH P-24",540,429,5,974,55.4414784394251,44.0451745379877,0.513347022587269
"DULUTH P-25",0,0,0,0,NA,NA,NA,"DULUTH P-25",0,0,0,0,0,0,0
"DULUTH P-26",378,258,5,641,58.9703588143526,40.2496099843994,0.78003120124805,"DULUTH P-26",378,258,5,641,58.9703588143526,40.2496099843994,0.78003120124805
"DULUTH P-27",185,152,4,341,54.2521994134897,44.574780058651,1.17302052785924,"DULUTH P-27",185,152,4,341,54.2521994134897,44.574780058651,1.17302052785924
