"County: Precinct"," Timothy L. Meyer"," Wendy Durrwachter","WI WRITE-IN","VoteTotal"," Timothy L. Meyer_Percentage"," Wendy Durrwachter_Percentage","WI WRITE-IN_Percentage","County: Precinct_New"," Timothy L. Meyer_New"," Wendy Durrwachter_New","WI WRITE-IN_New","VoteTotal_New"," Timothy L. Meyer_Percentage_New"," Wendy Durrwachter_Percentage_New","WI WRITE-IN_Percentage_New"
"DULUTH P-1",422,513,6,941,44.845908607864,54.5164718384697,0.637619553666312,"DULUTH P-1",422,513,6,941,44.845908607864,54.5164718384697,0.637619553666312
"DULUTH P-2",357,502,4,863,41.3673232908459,58.1691772885284,0.463499420625724,"DULUTH P-2",357,502,4,863,41.3673232908459,58.1691772885284,0.463499420625724
"DULUTH P-3",487,607,11,1105,44.0723981900452,54.9321266968326,0.995475113122172,"DULUTH P-3",487,607,11,1105,44.0723981900452,54.9321266968326,0.995475113122172
"DULUTH P-4",550,508,6,1064,51.6917293233083,47.7443609022556,0.56390977443609,"DULUTH P-4",550,508,6,1064,51.6917293233083,47.7443609022556,0.56390977443609
"DULUTH P-5",426,472,3,901,47.2807991120977,52.3862375138735,0.332963374028857,"DULUTH P-5",426,472,3,901,47.2807991120977,52.3862375138735,0.332963374028857
"DULUTH P-6",810,676,12,1498,54.0720961281709,45.1268357810414,0.801068090787717,"DULUTH P-6",810,676,12,1498,54.0720961281709,45.1268357810414,0.801068090787717
"DULUTH P-7",324,507,4,835,38.8023952095808,60.7185628742515,0.479041916167665,"DULUTH P-7",324,507,4,835,38.8023952095808,60.7185628742515,0.479041916167665
