"County: Precinct"," Roz Randorf","WI WRITE-IN","VoteTotal"," Roz Randorf_Percentage","WI WRITE-IN_Percentage","County: Precinct_New"," Roz Randorf_New","WI WRITE-IN_New","VoteTotal_New"," Roz Randorf_Percentage_New","WI WRITE-IN_Percentage_New"
"DULUTH P-14",343,13,356,96.3483146067416,3.65168539325843,"DULUTH P-14",343,13,356,96.3483146067416,3.65168539325843
"DULUTH P-15",0,0,0,NA,NA,"DULUTH P-15",0,0,0,0,0
"DULUTH P-16",676,17,693,97.5468975468976,2.45310245310245,"DULUTH P-16",676,17,693,97.5468975468976,2.45310245310245
"DULUTH P-17",335,18,353,94.9008498583569,5.09915014164306,"DULUTH P-17",335,18,353,94.9008498583569,5.09915014164306
"DULUTH P-18",410,6,416,98.5576923076923,1.44230769230769,"DULUTH P-18",410,6,416,98.5576923076923,1.44230769230769
"DULUTH P-19",267,7,274,97.4452554744526,2.55474452554745,"DULUTH P-19",267,7,274,97.4452554744526,2.55474452554745
