"County: Precinct"," Henry L. Banks"," Loren Martell","WI WRITE-IN","VoteTotal"," Henry L. Banks_Percentage"," Loren Martell_Percentage","WI WRITE-IN_Percentage","County: Precinct_New"," Henry L. Banks_New"," Loren Martell_New","WI WRITE-IN_New","VoteTotal_New"," Henry L. Banks_Percentage_New"," Loren Martell_Percentage_New","WI WRITE-IN_Percentage_New"
"DULUTH P-15",0,0,0,0,NA,NA,NA,"DULUTH P-15",0,0,0,0,0,0,0
"DULUTH P-16",500,365,10,875,57.1428571428571,41.7142857142857,1.14285714285714,"DULUTH P-16",500,365,10,875,57.1428571428571,41.7142857142857,1.14285714285714
"DULUTH P-17",239,178,3,420,56.9047619047619,42.3809523809524,0.714285714285714,"DULUTH P-17",239,178,3,420,56.9047619047619,42.3809523809524,0.714285714285714
"DULUTH P-18",305,193,2,500,61,38.6,0.4,"DULUTH P-18",305,193,2,500,61,38.6,0.4
"DULUTH P-19",220,126,2,348,63.2183908045977,36.2068965517241,0.574712643678161,"DULUTH P-19",220,126,2,348,63.2183908045977,36.2068965517241,0.574712643678161
"DULUTH P-22",0,0,0,0,NA,NA,NA,"DULUTH P-22",0,0,0,0,0,0,0
"DULUTH P-23",408,493,5,906,45.0331125827815,54.4150110375276,0.551876379690949,"DULUTH P-23",408,493,5,906,45.0331125827815,54.4150110375276,0.551876379690949
"DULUTH P-24",383,535,10,928,41.2715517241379,57.6508620689655,1.07758620689655,"DULUTH P-24",383,535,10,928,41.2715517241379,57.6508620689655,1.07758620689655
"DULUTH P-25",0,0,0,0,NA,NA,NA,"DULUTH P-25",0,0,0,0,0,0,0
