"County: Precinct"," Sarah Mikesell","WI WRITE-IN","VoteTotal"," Sarah Mikesell_Percentage","WI WRITE-IN_Percentage","County: Precinct_New"," Sarah Mikesell_New","WI WRITE-IN_New","VoteTotal_New"," Sarah Mikesell_Percentage_New","WI WRITE-IN_Percentage_New"
"DULUTH P-6",1203,31,1234,97.4878444084279,2.51215559157212,"DULUTH P-6",1203,31,1234,97.4878444084279,2.51215559157212
"DULUTH P-8",1035,28,1063,97.3659454374412,2.6340545625588,"DULUTH P-8",1035,28,1063,97.3659454374412,2.6340545625588
"DULUTH P-9",477,13,490,97.3469387755102,2.6530612244898,"DULUTH P-9",477,13,490,97.3469387755102,2.6530612244898
"DULUTH P-10",238,6,244,97.5409836065574,2.45901639344262,"DULUTH P-10",238,6,244,97.5409836065574,2.45901639344262
"DULUTH P-11",968,26,994,97.3843058350101,2.61569416498994,"DULUTH P-11",968,26,994,97.3843058350101,2.61569416498994
"DULUTH P-12",484,11,495,97.7777777777778,2.22222222222222,"DULUTH P-12",484,11,495,97.7777777777778,2.22222222222222
"DULUTH P-13",538,6,544,98.8970588235294,1.10294117647059,"DULUTH P-13",538,6,544,98.8970588235294,1.10294117647059
"DULUTH P-14",346,9,355,97.4647887323944,2.53521126760563,"DULUTH P-14",346,9,355,97.4647887323944,2.53521126760563
