"County: Precinct"," Henry L. Banks"," Loren Martell"," Matthew Moses"," Valerie Joeckel","VoteTotal"," Henry L. Banks_Percentage"," Loren Martell_Percentage"," Matthew Moses_Percentage"," Valerie Joeckel_Percentage"
"DULUTH P-15",136,88,69,88,381,35.6955380577428,23.0971128608924,18.1102362204724,23.0971128608924
"DULUTH P-16",111,106,73,85,375,29.6,28.2666666666667,19.4666666666667,22.6666666666667
"DULUTH P-17",50,46,22,45,163,30.6748466257669,28.2208588957055,13.4969325153374,27.6073619631902
"DULUTH P-18",78,107,66,37,288,27.0833333333333,37.1527777777778,22.9166666666667,12.8472222222222
"DULUTH P-19",56,33,30,29,148,37.8378378378378,22.2972972972973,20.2702702702703,19.5945945945946
"DULUTH P-22",64,163,65,62,354,18.0790960451977,46.045197740113,18.361581920904,17.5141242937853
"DULUTH P-23",69,165,82,91,407,16.953316953317,40.5405405405405,20.1474201474201,22.3587223587224
"DULUTH P-24",66,166,116,98,446,14.7982062780269,37.219730941704,26.0089686098655,21.9730941704036
"DULUTH P-25",60,144,99,68,371,16.1725067385445,38.8140161725067,26.6846361185984,18.3288409703504
